{"count":1,"self":145.9903616,"total":146.1859308,"children":{"InitializeActuators":{"count":4,"self":0.00097529999999999991,"total":0.00097529999999999991,"children":null},"InitializeSensors":{"count":4,"self":0.00095309999999999991,"total":0.00095309999999999991,"children":null},"AgentSendState":{"count":6775,"self":0.0233255,"total":0.0461501,"children":{"CollectObservations":{"count":1251,"self":0.011683599999999999,"total":0.011683599999999999,"children":null},"WriteActionMask":{"count":1251,"self":0.0019649,"total":0.0019649,"children":null},"RequestDecision":{"count":1251,"self":0.0091761,"total":0.0091761,"children":null}}},"DecideAction":{"count":6775,"self":0.049732399999999996,"total":0.049732399999999996,"children":null},"AgentAct":{"count":6775,"self":0.097760599999999989,"total":0.097760599999999989,"children":null}},"gauges":{"Snake.CumulativeReward":{"count":26,"max":22.2999935,"min":-40.20008,"runningAverage":-2.67308569,"value":-40.20008,"weightedAverage":-22.5507813}},"metadata":{"timer_format_version":"0.1.0","start_time_seconds":"1685652304","unity_version":"2021.3.25f1","command_line_arguments":"C:\\Program Files\\Unity\\Hub\\Editor\\2021.3.25f1\\Editor\\Unity.exe -projectpath C:\\Users\\nik_chern\\Desktop\\TheGame\\The-kitten-Tommy -useHub -hubIPC -cloudEnvironment production -licensingIpc LicenseClient-nik_chern -hubSessionId 32116747-8303-4950-92da-5dbf152a3354 -accessToken fSTTiUSjwegJN7J4ahdGpZIZ8Q357G_v9PVbmQP_4vs009f","communication_protocol_version":"1.5.0","com.unity.ml-agents_version":"2.0.1","scene_name":"FirstLevle","end_time_seconds":"1685652450"}}