{"count":1,"self":3060.3198463999997,"total":3060.5382565,"children":{"InitializeActuators":{"count":2,"self":0.000976,"total":0.000976,"children":null},"InitializeSensors":{"count":2,"self":0.00097609999999999993,"total":0.00097609999999999993,"children":null},"AgentSendState":{"count":7655,"self":0.035340199999999995,"total":0.0505074,"children":{"CollectObservations":{"count":1531,"self":0.0074068999999999992,"total":0.0074068999999999992,"children":null},"WriteActionMask":{"count":1531,"self":0.00099589999999999987,"total":0.00099589999999999987,"children":null},"RequestDecision":{"count":1531,"self":0.0067643999999999994,"total":0.0067643999999999994,"children":null}}},"DecideAction":{"count":7655,"self":0.0545496,"total":0.0545496,"children":null},"AgentAct":{"count":7655,"self":0.1113745,"total":0.1113745,"children":null}},"gauges":{"Snake.CumulativeReward":{"count":1484,"max":0,"min":-10.3999958,"runningAverage":-2.00431323,"value":-2,"weightedAverage":-1.99999976}},"metadata":{"timer_format_version":"0.1.0","start_time_seconds":"1686740832","unity_version":"2021.3.25f1","command_line_arguments":"C:\\Program Files\\Unity\\Hub\\Editor\\2021.3.25f1\\Editor\\Unity.exe -projectpath C:\\Users\\nik_chern\\Desktop\\TheGame\\The-kitten-Tommy -useHub -hubIPC -cloudEnvironment production -licensingIpc LicenseClient-nik_chern -hubSessionId b2832b8c-cf30-4aed-88e2-b4081c99ea90 -accessToken rk8g82qndsS6D3r6PNXpUZfIPEJnqXqKTBKszEw7R6M009f","communication_protocol_version":"1.5.0","com.unity.ml-agents_version":"2.0.1","scene_name":"Jungle","end_time_seconds":"1686743893"}}