{"count":1,"self":35.0485152,"total":35.0802506,"children":{"InitializeActuators":{"count":1,"self":0.00097789999999999986,"total":0.00097789999999999986,"children":null},"InitializeSensors":{"count":1,"self":0.0014916999999999999,"total":0.0014916999999999999,"children":null},"AgentSendState":{"count":1434,"self":0.0078118999999999992,"total":0.0117196,"children":{"CollectObservations":{"count":207,"self":0.0019549999999999997,"total":0.0019549999999999997,"children":null},"WriteActionMask":{"count":207,"self":0.00097679999999999989,"total":0.00097679999999999989,"children":null},"RequestDecision":{"count":207,"self":0.00097589999999999992,"total":0.00097589999999999992,"children":null}}},"DecideAction":{"count":1434,"self":0.0087644,"total":0.0087644,"children":null},"AgentAct":{"count":1434,"self":0.0077915999999999992,"total":0.0077915999999999992,"children":null}},"gauges":{"Snake.CumulativeReward":{"count":38,"max":12.1000042,"min":2,"runningAverage":2.26578951,"value":2,"weightedAverage":2.0002408}},"metadata":{"timer_format_version":"0.1.0","start_time_seconds":"1685556407","unity_version":"2021.3.25f1","command_line_arguments":"C:\\Program Files\\Unity\\Hub\\Editor\\2021.3.25f1\\Editor\\Unity.exe -projectpath C:\\Users\\nik_chern\\Desktop\\TheGame\\The-kitten-Tommy -useHub -hubIPC -cloudEnvironment production -licensingIpc LicenseClient-nik_chern -hubSessionId cad0ba94-6b4b-41dd-bb0f-3e22ad831d1c -accessToken VLnKqL0m5d7UnZuifoYZxeDNqhv5iNprirNlHgMZwMM009f","communication_protocol_version":"1.5.0","com.unity.ml-agents_version":"2.0.1","scene_name":"MainMenu","end_time_seconds":"1685556442"}}