{"count":1,"self":206.51376639999998,"total":206.8841036,"children":{"InitializeActuators":{"count":2,"self":0.00097569999999999992,"total":0.00097569999999999992,"children":null},"InitializeSensors":{"count":2,"self":0.00097589999999999992,"total":0.00097589999999999992,"children":null},"AgentSendState":{"count":10075,"self":0.0549505,"total":0.089532099999999989,"children":{"CollectObservations":{"count":2015,"self":0.014310499999999999,"total":0.014310499999999999,"children":null},"WriteActionMask":{"count":2015,"self":0.0074364999999999995,"total":0.0074364999999999995,"children":null},"RequestDecision":{"count":2015,"self":0.0128346,"total":0.0128346,"children":null}}},"DecideAction":{"count":10075,"self":0.092151799999999992,"total":0.092151799999999992,"children":null},"AgentAct":{"count":10075,"self":0.1866959,"total":0.1866959,"children":null}},"gauges":{"Snake.CumulativeReward":{"count":1907,"max":-2,"min":-22.60001,"runningAverage":-2.01080275,"value":-2,"weightedAverage":-2.00000048}},"metadata":{"timer_format_version":"0.1.0","start_time_seconds":"1686940408","unity_version":"2021.3.25f1","command_line_arguments":"C:\\Program Files\\Unity\\Hub\\Editor\\2021.3.25f1\\Editor\\Unity.exe -projectpath C:\\Users\\nik_chern\\Desktop\\TheGame\\The-kitten-Tommy -useHub -hubIPC -cloudEnvironment production -licensingIpc LicenseClient-nik_chern -hubSessionId 2374a127-dad4-4a61-93ec-0778fca4c6d8 -accessToken K31yCgPduzgHXHAjFO0UUKRgvg-QVo1MhgsW2YwiU1s009f","communication_protocol_version":"1.5.0","com.unity.ml-agents_version":"2.0.1","scene_name":"MainMenu","end_time_seconds":"1686940615"}}