{"count":1,"self":76.926067199999991,"total":76.9799329,"children":{"InitializeActuators":{"count":2,"self":0.0009973,"total":0.0009973,"children":null},"InitializeSensors":{"count":2,"self":0.0019936999999999997,"total":0.0019936999999999997,"children":null},"AgentSendState":{"count":2232,"self":0.0049952999999999994,"total":0.011953799999999999,"children":{"CollectObservations":{"count":447,"self":0.0029814999999999998,"total":0.0029814999999999998,"children":null},"WriteActionMask":{"count":447,"self":0.00098789999999999989,"total":0.00098789999999999989,"children":null},"RequestDecision":{"count":447,"self":0.0029890999999999997,"total":0.0029890999999999997,"children":null}}},"DecideAction":{"count":2232,"self":0.0129749,"total":0.0129749,"children":null},"AgentAct":{"count":2232,"self":0.0259434,"total":0.0259434,"children":null}},"gauges":{"Snake.CumulativeReward":{"count":2,"max":-40.00008,"min":-40.00008,"runningAverage":-40.00008,"value":-40.00008,"weightedAverage":-40.00008}},"metadata":{"timer_format_version":"0.1.0","start_time_seconds":"1688309206","unity_version":"2021.3.25f1","command_line_arguments":"C:\\Program Files\\Unity\\Hub\\Editor\\2021.3.25f1\\Editor\\Unity.exe -projectpath C:\\Users\\nik_chern\\Desktop\\Остальное\\TheGame\\The-kitten-Tommy -useHub -hubIPC -cloudEnvironment production -licensingIpc LicenseClient-nik_chern -hubSessionId 9c9f7e19-4c0e-42b6-a0a7-f06534fa388d -accessToken TPuMMhIoC4BMEn0hoK2ReY7JonRqYRju-05KrR8jymM009f","communication_protocol_version":"1.5.0","com.unity.ml-agents_version":"2.0.1","scene_name":"MainMenu","end_time_seconds":"1688309283"}}