{"count":1,"self":40.1526624,"total":40.208289099999995,"children":{"InitializeActuators":{"count":1,"self":0.0019528999999999998,"total":0.0019528999999999998,"children":null},"InitializeSensors":{"count":1,"self":0.00097649999999999994,"total":0.00097649999999999994,"children":null},"AgentSendState":{"count":1788,"self":0.0097781,"total":0.014639399999999999,"children":{"CollectObservations":{"count":358,"self":0.00098479999999999987,"total":0.00098479999999999987,"children":null},"WriteActionMask":{"count":358,"self":0.0038764999999999997,"total":0.0038764999999999997,"children":null},"RequestDecision":{"count":358,"self":0,"total":0,"children":null}}},"DecideAction":{"count":1788,"self":0.012679,"total":0.012679,"children":null},"AgentAct":{"count":1788,"self":0.025380399999999997,"total":0.025380399999999997,"children":null}},"gauges":{"Snake.CumulativeReward":{"count":169,"max":-1,"min":-15.399991,"runningAverage":-2.073373,"value":-2,"weightedAverage":-2.00000048}},"metadata":{"timer_format_version":"0.1.0","start_time_seconds":"1685040413","unity_version":"2021.3.25f1","command_line_arguments":"C:\\Program Files\\Unity\\Hub\\Editor\\2021.3.25f1\\Editor\\Unity.exe -projectpath C:\\Users\\nik_chern\\Desktop\\TheGame\\The-kitten-Tommy -useHub -hubIPC -cloudEnvironment production -licensingIpc LicenseClient-nik_chern -hubSessionId 6af3eead-a015-4991-8a5f-9f9591f8a6d7 -accessToken 4WiQPzfZwLJL3-56YFtkSEx0s2FA3yMiKm4PTOfN6lU009f","communication_protocol_version":"1.5.0","com.unity.ml-agents_version":"2.0.1","scene_name":"SecondLevle","end_time_seconds":"1685040453"}}