{"count":1,"self":883.09155839999994,"total":883.32858089999991,"children":{"InitializeActuators":{"count":4,"self":0.0019535999999999998,"total":0.0019535999999999998,"children":null},"InitializeSensors":{"count":4,"self":0.0019509999999999998,"total":0.0019509999999999998,"children":null},"AgentSendState":{"count":40402,"self":0.0666443,"total":0.0792811,"children":{"CollectObservations":{"count":2060,"self":0.0019360999999999998,"total":0.0019360999999999998,"children":null},"WriteActionMask":{"count":2060,"self":0.000977,"total":0.000977,"children":null},"RequestDecision":{"count":2060,"self":0.0097237,"total":0.0097237,"children":null}}},"DecideAction":{"count":40402,"self":0.053327599999999996,"total":0.053327599999999996,"children":null},"AgentAct":{"count":40402,"self":0.10052989999999999,"total":0.10052989999999999,"children":null}},"gauges":{"Snake.CumulativeReward":{"count":1974,"max":0,"min":-18.1999931,"runningAverage":-1.97021258,"value":-2,"weightedAverage":-1.99999976}},"metadata":{"timer_format_version":"0.1.0","start_time_seconds":"1687304004","unity_version":"2021.3.25f1","command_line_arguments":"C:\\Program Files\\Unity\\Hub\\Editor\\2021.3.25f1\\Editor\\Unity.exe -projectpath C:\\Users\\nik_chern\\Desktop\\TheGame\\The-kitten-Tommy -useHub -hubIPC -cloudEnvironment production -licensingIpc LicenseClient-nik_chern -hubSessionId 334a7058-b0aa-4e74-b4c6-e3dc84522b10 -accessToken 2mAz0gaHpNSlXpmNVUDWjyv-gZ1jrVVMpNX5rpKRq-U009f","communication_protocol_version":"1.5.0","com.unity.ml-agents_version":"2.0.1","scene_name":"SecondLevle","end_time_seconds":"1687304887"}}