{"count":1,"self":270.452096,"total":270.98593189999997,"children":{"InitializeActuators":{"count":1,"self":0.0040070999999999996,"total":0.0040070999999999996,"children":null},"InitializeSensors":{"count":1,"self":0.0019890999999999997,"total":0.0019890999999999997,"children":null},"AgentSendState":{"count":12361,"self":0.058701699999999996,"total":0.1076308,"children":{"CollectObservations":{"count":2473,"self":0.021155999999999998,"total":0.021155999999999998,"children":null},"WriteActionMask":{"count":2473,"self":0.0080102,"total":0.0080102,"children":null},"RequestDecision":{"count":2473,"self":0.0197629,"total":0.0197629,"children":null}}},"DecideAction":{"count":12361,"self":0.167147,"total":0.167147,"children":null},"AgentAct":{"count":12361,"self":0.25106269999999997,"total":0.25106269999999997,"children":null}},"gauges":{"Snake.CumulativeReward":{"count":1286,"max":2,"min":-40.20008,"runningAverage":-2.1660974,"value":-40.20008,"weightedAverage":-14.7937765}},"metadata":{"timer_format_version":"0.1.0","start_time_seconds":"1684954424","unity_version":"2021.3.25f1","command_line_arguments":"C:\\Program Files\\Unity\\Hub\\Editor\\2021.3.25f1\\Editor\\Unity.exe -projectpath C:\\Users\\User\\Documents\\The-kitten-Tommy -useHub -hubIPC -cloudEnvironment production -licensingIpc LicenseClient-User -hubSessionId 46865a50-f404-11ed-a0c6-b73a6f31d858","communication_protocol_version":"1.5.0","com.unity.ml-agents_version":"2.0.1","scene_name":"SecondLevle","end_time_seconds":"1684954695"}}