{"count":1,"self":473.8611712,"total":474.29837219999996,"children":{"InitializeActuators":{"count":2,"self":0.0010027999999999999,"total":0.0010027999999999999,"children":null},"InitializeSensors":{"count":2,"self":0.0009574,"total":0.0009574,"children":null},"AgentSendState":{"count":18907,"self":0.087611899999999993,"total":0.11329729999999999,"children":{"CollectObservations":{"count":2315,"self":0.013534899999999999,"total":0.013534899999999999,"children":null},"WriteActionMask":{"count":2315,"self":0.0058128999999999993,"total":0.0058128999999999993,"children":null},"RequestDecision":{"count":2315,"self":0.0063376,"total":0.0063376,"children":null}}},"DecideAction":{"count":18907,"self":0.11040699999999999,"total":0.11040699999999999,"children":null},"AgentAct":{"count":18907,"self":0.21154699999999999,"total":0.21154699999999999,"children":null}},"gauges":{"Snake.CumulativeReward":{"count":1209,"max":4.99999952,"min":-40.20008,"runningAverage":-2.06352377,"value":-2,"weightedAverage":-1.99999976}},"metadata":{"timer_format_version":"0.1.0","start_time_seconds":"1685464260","unity_version":"2021.3.25f1","command_line_arguments":"C:\\Program Files\\Unity\\Hub\\Editor\\2021.3.25f1\\Editor\\Unity.exe -projectpath C:\\Users\\nik_chern\\Desktop\\TheGame\\The-kitten-Tommy -useHub -hubIPC -cloudEnvironment production -licensingIpc LicenseClient-nik_chern -hubSessionId 6e7fd698-7bd0-46d1-9cfd-bab8f957fef5 -accessToken Q6f0q97ZS9ufk62wjoikp3aIL524EeNJWDkO3KaLwXo009f","communication_protocol_version":"1.5.0","com.unity.ml-agents_version":"2.0.1","scene_name":"Training","end_time_seconds":"1685464735"}}