{"count":1,"self":633.937152,"total":634.27458849999994,"children":{"InitializeActuators":{"count":5,"self":0.0009873,"total":0.0009873,"children":null},"InitializeSensors":{"count":5,"self":0.0010071,"total":0.0010071,"children":null},"AgentSendState":{"count":30359,"self":0.0641402,"total":0.0976325,"children":{"CollectObservations":{"count":4011,"self":0.0075134999999999993,"total":0.0075134999999999993,"children":null},"WriteActionMask":{"count":4011,"self":0.0069678,"total":0.0069678,"children":null},"RequestDecision":{"count":4011,"self":0.019011,"total":0.019011,"children":null}}},"DecideAction":{"count":30359,"self":0.086928499999999992,"total":0.086928499999999992,"children":null},"AgentAct":{"count":30359,"self":0.14860589999999999,"total":0.14860589999999999,"children":null}},"gauges":{"Snake.CumulativeReward":{"count":137,"max":21.5000134,"min":-40.20008,"runningAverage":-0.6868663,"value":-40.20008,"weightedAverage":-21.854847}},"metadata":{"timer_format_version":"0.1.0","start_time_seconds":"1685509426","unity_version":"2021.3.25f1","command_line_arguments":"C:\\Users\\nik_chern\\Desktop\\TheGame\\The-kitten-Tommy\\Third\\My project.exe","communication_protocol_version":"1.5.0","com.unity.ml-agents_version":"2.0.1","scene_name":"ThirdLevle","end_time_seconds":"1685510060"}}